{"cameraMode":{"drawMode":0,"name":"Shaded","section":"Shading Mode"},"sceneLighting":false,"audioPlay":false,"sceneViewState":{"showFog":true,"showMaterialUpdate":false,"showSkybox":true,"showFlares":true,"showImageEffects":true,"showParticleSystems":true},"in2DMode":false,"pivot":{"x":-0.29286766052246096,"y":-0.8108086585998535,"z":-0.6046962738037109},"rotation":{"x":0.10721717774868012,"y":-0.8256886005401611,"z":0.16771744191646577,"w":0.5278387665748596},"size":4.62287712097168,"orthographic":false}