{"cameraMode":{"drawMode":0,"name":"Shaded","section":"Shading Mode"},"sceneLighting":true,"audioPlay":false,"sceneViewState":{"showFog":true,"showMaterialUpdate":false,"showSkybox":true,"showFlares":true,"showImageEffects":true,"showParticleSystems":true},"in2DMode":false,"pivot":{"x":27.01395034790039,"y":0.8968346118927002,"z":-22.36682891845703},"rotation":{"x":-0.020819831639528276,"y":0.9791219234466553,"z":-0.13748034834861756,"w":-0.14827695488929749},"size":2.368196964263916,"orthographic":true}