{"cameraMode":{"drawMode":0,"name":"Shaded","section":"Shading Mode"},"sceneLighting":true,"audioPlay":false,"sceneViewState":{"showFog":true,"showMaterialUpdate":false,"showSkybox":true,"showFlares":true,"showImageEffects":true,"showParticleSystems":true},"in2DMode":false,"pivot":{"x":12.100000381469727,"y":0.7549999952316284,"z":-19.799999237060548},"rotation":{"x":-0.005954609252512455,"y":-0.961025595664978,"z":-0.020763449370861055,"w":0.27561426162719729},"size":2.843557834625244,"orthographic":true}