{"cameraMode":{"drawMode":0,"name":"Shaded","section":"Shading Mode"},"sceneLighting":false,"audioPlay":false,"sceneViewState":{"showFog":true,"showMaterialUpdate":false,"showSkybox":true,"showFlares":true,"showImageEffects":true,"showParticleSystems":true},"in2DMode":false,"pivot":{"x":-4.922665119171143,"y":-0.8607919216156006,"z":-0.09526806324720383},"rotation":{"x":-0.0002920364204328507,"y":-0.995246171951294,"z":0.09734518080949784,"w":-0.0029857472982257606},"size":5.445234775543213,"orthographic":false}