{"cameraMode":{"drawMode":0,"name":"Shaded","section":"Shading Mode"},"sceneLighting":true,"audioPlay":false,"sceneViewState":{"showFog":true,"showMaterialUpdate":false,"showSkybox":true,"showFlares":true,"showImageEffects":true,"showParticleSystems":true},"in2DMode":false,"pivot":{"x":1.1483426094055176,"y":0.3737926483154297,"z":-0.9581441879272461},"rotation":{"x":0.007906614802777768,"y":-0.9898160696029663,"z":0.12839993834495545,"w":0.060952652245759967},"size":9.940643310546875,"orthographic":false}