{"cameraMode":{"drawMode":0,"name":"Shaded","section":"Shading Mode"},"sceneLighting":false,"audioPlay":false,"sceneViewState":{"showFog":true,"showMaterialUpdate":false,"showSkybox":true,"showFlares":true,"showImageEffects":true,"showParticleSystems":true},"in2DMode":false,"pivot":{"x":1.4901161193847657e-8,"y":0.05923730880022049,"z":0.0},"rotation":{"x":0.1799142062664032,"y":-0.0014749292749911547,"z":0.00027007804601453245,"w":0.9836812019348145},"size":0.5044516921043396,"orthographic":false}