{"cameraMode":{"drawMode":0,"name":"Shaded","section":"Shading Mode"},"sceneLighting":false,"audioPlay":false,"sceneViewState":{"showFog":true,"showMaterialUpdate":false,"showSkybox":true,"showFlares":true,"showImageEffects":true,"showParticleSystems":true},"in2DMode":false,"pivot":{"x":-3.4299745559692385,"y":1.70806884765625,"z":-0.9544205665588379},"rotation":{"x":0.36813148856163027,"y":-0.5092604160308838,"z":0.2551083564758301,"w":0.7348828315734863},"size":26.162033081054689,"orthographic":false}