{"cameraMode":{"drawMode":0,"name":"Shaded","section":"Shading Mode"},"sceneLighting":true,"audioPlay":false,"sceneViewState":{"showFog":true,"showMaterialUpdate":false,"showSkybox":true,"showFlares":true,"showImageEffects":true,"showParticleSystems":true},"in2DMode":false,"pivot":{"x":-59.701416015625,"y":2.2254891395568849,"z":80.65579986572266},"rotation":{"x":0.06245929375290871,"y":-0.125417560338974,"z":0.00791177712380886,"w":0.9901044368743897},"size":7.4899067878723148,"orthographic":false}