{"cameraMode":{"drawMode":0,"name":"Shaded","section":"Shading Mode"},"sceneLighting":false,"audioPlay":false,"sceneViewState":{"showFog":true,"showMaterialUpdate":false,"showSkybox":true,"showFlares":true,"showImageEffects":true,"showParticleSystems":true},"in2DMode":false,"pivot":{"x":-2.4499995708465578,"y":3.2667365074157717,"z":0.0},"rotation":{"x":0.04571329429745674,"y":-0.7035163640975952,"z":0.045439839363098147,"w":0.707750141620636},"size":13.659887313842774,"orthographic":false}