{"cameraMode":{"drawMode":0,"name":"Shaded","section":"Shading Mode"},"sceneLighting":false,"audioPlay":false,"sceneViewState":{"showFog":true,"showMaterialUpdate":false,"showSkybox":true,"showFlares":true,"showImageEffects":true,"showParticleSystems":true},"in2DMode":false,"pivot":{"x":43.67393112182617,"y":7.79156494140625,"z":-29.968860626220704},"rotation":{"x":0.5676464438438416,"y":-0.0957871600985527,"z":0.06671936064958573,"w":0.8149545192718506},"size":173.21771240234376,"orthographic":false}