{"cameraMode":{"drawMode":0,"name":"Shaded","section":"Shading Mode"},"sceneLighting":false,"audioPlay":false,"sceneViewState":{"showFog":true,"showMaterialUpdate":false,"showSkybox":true,"showFlares":true,"showImageEffects":true,"showParticleSystems":true},"in2DMode":false,"pivot":{"x":171.956787109375,"y":494.07611083984377,"z":791.585205078125},"rotation":{"x":0.02099652960896492,"y":0.00840738695114851,"z":0.00017630326328799129,"w":-0.999744176864624},"size":1063.2408447265625,"orthographic":false}