{"cameraMode":{"drawMode":0,"name":"Shaded","section":"Shading Mode"},"sceneLighting":false,"audioPlay":false,"sceneViewState":{"showFog":true,"showMaterialUpdate":false,"showSkybox":true,"showFlares":true,"showImageEffects":true,"showParticleSystems":true},"in2DMode":false,"pivot":{"x":-1.4535932540893555,"y":8.573480606079102,"z":-2.011049270629883},"rotation":{"x":-0.025430824607610704,"y":-0.38834911584854128,"z":-0.01072270143777132,"w":0.9210990071296692},"size":31.222858428955079,"orthographic":false}