{"cameraMode":{"drawMode":0,"name":"Shaded","section":"Shading Mode"},"sceneLighting":false,"audioPlay":false,"sceneViewState":{"showFog":true,"showMaterialUpdate":false,"showSkybox":true,"showFlares":true,"showImageEffects":true,"showParticleSystems":true},"in2DMode":false,"pivot":{"x":-0.12798583507537843,"y":0.4468550682067871,"z":1.5531542301177979},"rotation":{"x":0.10403453558683396,"y":0.12053441256284714,"z":-0.012702981010079384,"w":0.9871610403060913},"size":9.081582069396973,"orthographic":true}