{"cameraMode":{"drawMode":0,"name":"Shaded","section":"Shading Mode"},"sceneLighting":false,"audioPlay":false,"sceneViewState":{"showFog":true,"showMaterialUpdate":false,"showSkybox":true,"showFlares":true,"showImageEffects":true,"showParticleSystems":true},"in2DMode":false,"pivot":{"x":0.0,"y":0.819105327129364,"z":-0.003237411379814148},"rotation":{"x":-0.03920859098434448,"y":0.9599592089653015,"z":-0.1746833175420761,"w":-0.21546848118305207},"size":3.6908154487609865,"orthographic":true}