{"cameraMode":{"drawMode":0,"name":"Shaded","section":"Shading Mode"},"sceneLighting":true,"audioPlay":false,"sceneViewState":{"showFog":true,"showMaterialUpdate":false,"showSkybox":true,"showFlares":true,"showImageEffects":true,"showParticleSystems":true},"in2DMode":false,"pivot":{"x":12.129547119140625,"y":0.57489013671875,"z":-19.9287109375},"rotation":{"x":-0.001969599397853017,"y":0.9965561628341675,"z":-0.024817051365971566,"w":-0.07909566909074784},"size":2.18401837348938,"orthographic":true}