{"cameraMode":{"drawMode":0,"name":"Shaded","section":"Shading Mode"},"sceneLighting":false,"audioPlay":false,"sceneViewState":{"showFog":true,"showMaterialUpdate":false,"showSkybox":true,"showFlares":true,"showImageEffects":true,"showParticleSystems":true},"in2DMode":false,"pivot":{"x":-25.564531326293947,"y":2.8473145961761476,"z":28.475574493408204},"rotation":{"x":0.04387977346777916,"y":-0.88496994972229,"z":0.08521915227174759,"w":0.4556759297847748},"size":5.089553356170654,"orthographic":false}