{"cameraMode":{"drawMode":0,"name":"Shaded","section":"Shading Mode"},"sceneLighting":false,"audioPlay":false,"sceneViewState":{"showFog":true,"showMaterialUpdate":false,"showSkybox":true,"showFlares":true,"showImageEffects":true,"showParticleSystems":true},"in2DMode":false,"pivot":{"x":35.418724060058597,"y":-7.0042829513549809,"z":11.638001441955567},"rotation":{"x":0.3669852614402771,"y":-0.17970013618469239,"z":0.07248324900865555,"w":0.9098219275474548},"size":25.576261520385743,"orthographic":false}