{"cameraMode":{"drawMode":0,"name":"Shaded","section":"Shading Mode"},"sceneLighting":false,"audioPlay":false,"sceneViewState":{"showFog":true,"showMaterialUpdate":false,"showSkybox":true,"showFlares":true,"showImageEffects":true,"showParticleSystems":true},"in2DMode":false,"pivot":{"x":-1.0822162628173829,"y":-1.8928852081298829,"z":0.8696126937866211},"rotation":{"x":0.6235669255256653,"y":-0.04098803177475929,"z":0.03276737779378891,"w":0.7800068259239197},"size":9.00562572479248,"orthographic":false}