{"cameraMode":{"drawMode":0,"name":"Shaded","section":"Shading Mode"},"sceneLighting":true,"audioPlay":false,"sceneViewState":{"showFog":true,"showMaterialUpdate":false,"showSkybox":true,"showFlares":true,"showImageEffects":true,"showParticleSystems":true},"in2DMode":false,"pivot":{"x":26.017471313476564,"y":0.43534570932388308,"z":-20.097387313842775},"rotation":{"x":-0.0991462916135788,"y":0.34471064805984499,"z":-0.036641333252191547,"w":-0.9327389597892761},"size":6.570000171661377,"orthographic":false}