{"cameraMode":{"drawMode":0,"name":"Shaded","section":"Shading Mode"},"sceneLighting":false,"audioPlay":false,"sceneViewState":{"showFog":true,"showMaterialUpdate":false,"showSkybox":true,"showFlares":true,"showImageEffects":true,"showParticleSystems":true},"in2DMode":false,"pivot":{"x":0.6650390625,"y":2.164794921875,"z":0.07666015625},"rotation":{"x":0.10403453558683396,"y":0.12053441256284714,"z":-0.012702981010079384,"w":0.9871610403060913},"size":6.362833499908447,"orthographic":true}