{"cameraMode":{"drawMode":0,"name":"Shaded","section":"Shading Mode"},"sceneLighting":false,"audioPlay":false,"sceneViewState":{"showFog":true,"showMaterialUpdate":false,"showSkybox":true,"showFlares":true,"showImageEffects":true,"showParticleSystems":true},"in2DMode":false,"pivot":{"x":-3.459913730621338,"y":4.517739295959473,"z":-1.2860565185546876},"rotation":{"x":0.05242962762713432,"y":-0.04192917421460152,"z":0.0022031606640666725,"w":0.9977415800094605},"size":21.179061889648439,"orthographic":false}