{"cameraMode":{"drawMode":0,"name":"Shaded","section":"Shading Mode"},"sceneLighting":true,"audioPlay":false,"sceneViewState":{"showFog":true,"showMaterialUpdate":false,"showSkybox":true,"showFlares":true,"showImageEffects":true,"showParticleSystems":true},"in2DMode":false,"pivot":{"x":44.29317092895508,"y":5.033326148986816,"z":-34.04755783081055},"rotation":{"x":-0.0119912289083004,"y":0.9776605367660523,"z":-0.05813983455300331,"w":-0.201633021235466},"size":6.805304050445557,"orthographic":false}