{"cameraMode":{"drawMode":0,"name":"Shaded","section":"Shading Mode"},"sceneLighting":false,"audioPlay":false,"sceneViewState":{"showFog":true,"showMaterialUpdate":false,"showSkybox":true,"showFlares":true,"showImageEffects":true,"showParticleSystems":true},"in2DMode":false,"pivot":{"x":1.5314226150512696,"y":5.252284049987793,"z":-6.653538227081299},"rotation":{"x":-0.021762054413557054,"y":-0.25363242626190188,"z":0.005707693751901388,"w":-0.9670389890670776},"size":48.67014694213867,"orthographic":false}