{"cameraMode":{"drawMode":0,"name":"Shaded","section":"Shading Mode"},"sceneLighting":false,"audioPlay":false,"sceneViewState":{"showFog":true,"showMaterialUpdate":false,"showSkybox":true,"showFlares":true,"showImageEffects":true,"showParticleSystems":true},"in2DMode":false,"pivot":{"x":-18.10631561279297,"y":3.481855869293213,"z":20.044389724731447},"rotation":{"x":-0.025430824607610704,"y":-0.38834911584854128,"z":-0.01072270143777132,"w":0.9210990071296692},"size":36.78374099731445,"orthographic":false}