{"cameraMode":{"drawMode":0,"name":"Shaded","section":"Shading Mode"},"sceneLighting":true,"audioPlay":false,"sceneViewState":{"showFog":true,"showMaterialUpdate":false,"showSkybox":true,"showFlares":true,"showImageEffects":true,"showParticleSystems":true},"in2DMode":false,"pivot":{"x":-23.338253021240236,"y":5.231005668640137,"z":-1.0399999618530274},"rotation":{"x":0.434519499540329,"y":-0.34374603629112246,"z":0.18396800756454469,"w":0.8119034767150879},"size":11.051201820373536,"orthographic":false}