{"cameraMode":{"drawMode":0,"name":"Shaded","section":"Shading Mode"},"sceneLighting":false,"audioPlay":false,"sceneViewState":{"showFog":true,"showMaterialUpdate":false,"showSkybox":true,"showFlares":true,"showImageEffects":true,"showParticleSystems":true},"in2DMode":false,"pivot":{"x":0.01504427194595337,"y":-0.75348961353302,"z":-2.1981263160705568},"rotation":{"x":-0.0002920364204328507,"y":-0.995246171951294,"z":0.09734518080949784,"w":-0.0029857472982257606},"size":4.499255180358887,"orthographic":false}