{"cameraMode":{"drawMode":0,"name":"Shaded","section":"Shading Mode"},"sceneLighting":true,"audioPlay":false,"sceneViewState":{"showFog":true,"showMaterialUpdate":false,"showSkybox":true,"showFlares":true,"showImageEffects":true,"showParticleSystems":true},"in2DMode":false,"pivot":{"x":50.50357437133789,"y":-40.5814208984375,"z":-46.918060302734378},"rotation":{"x":0.6275950074195862,"y":-0.025678059086203576,"z":0.020718146115541459,"w":0.7778406143188477},"size":129.45091247558595,"orthographic":false}