{"cameraMode":{"drawMode":0,"name":"Shaded","section":"Shading Mode"},"sceneLighting":false,"audioPlay":false,"sceneViewState":{"showFog":true,"showMaterialUpdate":false,"showSkybox":true,"showFlares":true,"showImageEffects":true,"showParticleSystems":true},"in2DMode":false,"pivot":{"x":-0.8575267791748047,"y":2.1853275299072267,"z":-1.0523700714111329},"rotation":{"x":-0.025430824607610704,"y":-0.38834911584854128,"z":-0.01072270143777132,"w":0.9210990071296692},"size":23.665693283081056,"orthographic":false}