{"cameraMode":{"drawMode":0,"name":"Shaded","section":"Shading Mode"},"sceneLighting":false,"audioPlay":false,"sceneViewState":{"showFog":true,"showMaterialUpdate":false,"showSkybox":true,"showFlares":true,"showImageEffects":true,"showParticleSystems":true},"in2DMode":false,"pivot":{"x":4.079999923706055,"y":12.60000228881836,"z":8.929998397827149},"rotation":{"x":0.10403453558683396,"y":0.12053441256284714,"z":-0.012702981010079384,"w":0.9871610403060913},"size":43.718753814697269,"orthographic":true}