{"cameraMode":{"drawMode":0,"name":"Shaded","section":"Shading Mode"},"sceneLighting":true,"audioPlay":false,"sceneViewState":{"showFog":true,"showMaterialUpdate":false,"showSkybox":true,"showFlares":true,"showImageEffects":true,"showParticleSystems":true},"in2DMode":false,"pivot":{"x":60.54212951660156,"y":7.6826019287109379,"z":-42.350982666015628},"rotation":{"x":0.526529848575592,"y":-0.21871256828308106,"z":0.14232586324214936,"w":0.809119701385498},"size":79.63738250732422,"orthographic":false}