{"cameraMode":{"drawMode":0,"name":"Shaded","section":"Shading Mode"},"sceneLighting":false,"audioPlay":false,"sceneViewState":{"showFog":true,"showMaterialUpdate":false,"showSkybox":true,"showFlares":true,"showImageEffects":true,"showParticleSystems":true},"in2DMode":false,"pivot":{"x":86.71422576904297,"y":3.4373321533203127,"z":-87.5},"rotation":{"x":0.6656745672225952,"y":0.0011193555546924472,"z":-0.0009985159849748016,"w":0.7462407350540161},"size":426.83709716796877,"orthographic":false}