{"cameraMode":{"drawMode":0,"name":"Shaded","section":"Shading Mode"},"sceneLighting":true,"audioPlay":false,"sceneViewState":{"showFog":true,"showMaterialUpdate":false,"showSkybox":true,"showFlares":true,"showImageEffects":true,"showParticleSystems":true},"in2DMode":false,"pivot":{"x":25.18000030517578,"y":6.58052921295166,"z":-21.25},"rotation":{"x":0.09239359200000763,"y":-0.8003509044647217,"z":0.12784498929977418,"w":0.578410267829895},"size":1.5216645002365113,"orthographic":false}