{"cameraMode":{"drawMode":0,"name":"Shaded","section":"Shading Mode"},"sceneLighting":false,"audioPlay":false,"sceneViewState":{"showFog":true,"showMaterialUpdate":false,"showSkybox":true,"showFlares":true,"showImageEffects":true,"showParticleSystems":true},"in2DMode":false,"pivot":{"x":2.2325639724731447,"y":-0.6625843048095703,"z":1.3109726905822755},"rotation":{"x":0.44712865352630618,"y":-0.41623514890670779,"z":0.24747028946876527,"w":0.752052366733551},"size":26.235408782958986,"orthographic":false}