{"cameraMode":{"drawMode":0,"name":"Shaded","section":"Shading Mode"},"sceneLighting":false,"audioPlay":false,"sceneViewState":{"showFog":true,"showMaterialUpdate":false,"showSkybox":true,"showFlares":true,"showImageEffects":true,"showParticleSystems":true},"in2DMode":false,"pivot":{"x":-0.07631707191467285,"y":0.03103923797607422,"z":2.309567451477051},"rotation":{"x":0.10403453558683396,"y":0.12053441256284714,"z":-0.012702981010079384,"w":0.9871610403060913},"size":13.944803237915039,"orthographic":true}