{"cameraMode":{"drawMode":0,"name":"Shaded","section":"Shading Mode"},"sceneLighting":false,"audioPlay":false,"sceneViewState":{"showFog":true,"showMaterialUpdate":false,"showSkybox":true,"showFlares":true,"showImageEffects":true,"showParticleSystems":true},"in2DMode":false,"pivot":{"x":19.164657592773439,"y":2.974822998046875,"z":0.3734082579612732},"rotation":{"x":-0.6865401268005371,"y":0.014174481853842736,"z":-0.013389263302087784,"w":-0.7268304228782654},"size":7.580897331237793,"orthographic":false}