{"cameraMode":{"drawMode":0,"name":"Shaded","section":"Shading Mode"},"sceneLighting":false,"audioPlay":false,"sceneViewState":{"showFog":true,"showMaterialUpdate":false,"showSkybox":true,"showFlares":true,"showImageEffects":true,"showParticleSystems":true},"in2DMode":false,"pivot":{"x":2.6012420654296877,"y":1.1231002807617188,"z":11.214210510253907},"rotation":{"x":0.36813148856163027,"y":-0.5092604160308838,"z":0.2551083564758301,"w":0.7348828315734863},"size":72.2042236328125,"orthographic":false}