{"cameraMode":{"drawMode":0,"name":"Shaded","section":"Shading Mode"},"sceneLighting":true,"audioPlay":false,"sceneViewState":{"showFog":true,"showMaterialUpdate":false,"showSkybox":true,"showFlares":true,"showImageEffects":true,"showParticleSystems":true},"in2DMode":false,"pivot":{"x":6.404455661773682,"y":16.152103424072267,"z":-25.01953125},"rotation":{"x":0.4290097951889038,"y":0.002709891414269805,"z":-0.001287035527639091,"w":0.9032949209213257},"size":63.326316833496097,"orthographic":false}