{"cameraMode":{"drawMode":0,"name":"Shaded","section":"Shading Mode"},"sceneLighting":false,"audioPlay":false,"sceneViewState":{"showFog":true,"showMaterialUpdate":false,"showSkybox":true,"showFlares":true,"showImageEffects":true,"showParticleSystems":true},"in2DMode":false,"pivot":{"x":29.3583984375,"y":3.2578125,"z":-0.46771240234375},"rotation":{"x":0.38633614778518679,"y":-0.29705724120140078,"z":0.1329766809940338,"w":0.8630287647247315},"size":7.860532760620117,"orthographic":true}