{"cameraMode":{"drawMode":0,"name":"Shaded","section":"Shading Mode"},"sceneLighting":false,"audioPlay":false,"sceneViewState":{"showFog":true,"showMaterialUpdate":false,"showSkybox":true,"showFlares":true,"showImageEffects":true,"showParticleSystems":true},"in2DMode":false,"pivot":{"x":-26.49639129638672,"y":3.2900002002716066,"z":31.3306884765625},"rotation":{"x":0.04387977346777916,"y":-0.88496994972229,"z":0.08521915227174759,"w":0.4556759297847748},"size":35.28075408935547,"orthographic":false}