{"cameraMode":{"drawMode":0,"name":"Shaded","section":"Shading Mode"},"sceneLighting":false,"audioPlay":false,"sceneViewState":{"showFog":true,"showMaterialUpdate":false,"showSkybox":true,"showFlares":true,"showImageEffects":true,"showParticleSystems":true},"in2DMode":false,"pivot":{"x":29.700000762939454,"y":9.600000381469727,"z":36.41999816894531},"rotation":{"x":0.1799142062664032,"y":-0.0014749292749911547,"z":0.00027007804601453245,"w":0.9836812019348145},"size":4.041658401489258,"orthographic":false}