{"cameraMode":{"drawMode":0,"name":"Shaded","section":"Shading Mode"},"sceneLighting":true,"audioPlay":false,"sceneViewState":{"showFog":true,"showMaterialUpdate":false,"showSkybox":true,"showFlares":true,"showImageEffects":true,"showParticleSystems":true},"in2DMode":false,"pivot":{"x":12.100000381469727,"y":0.75,"z":-19.799999237060548},"rotation":{"x":0.10403453558683396,"y":0.12053441256284714,"z":-0.012702981010079384,"w":0.9871610403060913},"size":2.843557834625244,"orthographic":true}